﻿<?xml version="1.0" encoding="utf-8"?>
<?xml-stylesheet type="text/xsl" href="file:///C:/PROGRAM FILES (X86)/MICROSOFT VISUAL STUDIO 12.0/COMMON7/IDE/EXTENSIONS/MICROSOFT/ARCHITECTURE TOOLS/EXTENSIBILITY/Logging/ReverseEngineeringLog.xslt"?>
<Log xmlns="http://schemas.microsoft.com/VisualStudio/2010/CodeGen.RE.Log" Label="Codegenerierungs-/Texttransformationsprotokoll">
  <MessageClass Name="Message" Label="Meldung" Option="Informationsmeldungen anzeigen" />
  <MessageClass Name="Warning" Label="Warnung" Option="Warnungen anzeigen" />
  <MessageClass Name="Error" Label="Fehler" Option="Fehler anzeigen" />
  <MessageClass Name="Property" Label="Eigenschaft" Option="Metadaten anzeigen" />
  <MessageClass Name="Diagnostic" Label="Meldung" Option="Diagnosemeldungen anzeigen" />
  <Message Timestamp="2014-05-30T09:48:37" Importance="High" Text="Reverse Engineering gestartet." />
  <Message Timestamp="2014-05-30T09:48:39" Importance="Diagnostic" Text="Reverse Engineering des Elements in das UML-Modell: '59a8c3e1-7482-480b-91e5-280ce2647e7b' -  (ClassifierTemplateParameter)" />
  <Message Timestamp="2014-05-30T09:48:39" Importance="Diagnostic" Text="Reverse Engineering des Elements in das UML-Modell: '8caf8131-627b-418e-b49a-5e1d6d00a16b' -  (ClassifierTemplateParameter)" />
  <Message Timestamp="2014-05-30T09:48:39" Importance="Diagnostic" Text="Reverse Engineering des Elements in das UML-Modell: 'ModelingProjectLiveTuner::controller_design' -  (Package)" />
  <Message Timestamp="2014-05-30T09:48:39" Importance="Diagnostic" Text="Reverse Engineering des Elements in das UML-Modell: 'ModelingProjectLiveTuner::controller_design::Save_and_load' -  (Package)" />
  <Message Timestamp="2014-05-30T09:48:39" Importance="Medium" Text="Reverse Engineering des Elements in das UML-Modell: 'ModelingProjectLiveTuner::controller_design::Save_and_load::File_Manager' -  (Class)" />
  <Message Timestamp="2014-05-30T09:48:39" Importance="Diagnostic" Text="Reverse Engineering des Elements in das UML-Modell: 'ModelingProjectLiveTuner::controller_design::Save_and_load::File_Manager::load_from_file' -  (Operation)" />
  <Message Timestamp="2014-05-30T09:48:39" Importance="Diagnostic" Text="Reverse Engineering des Elements in das UML-Modell: 'ModelingProjectLiveTuner::controller_design::Save_and_load::File_Manager::load_from_file::path' -  (Parameter)" />
  <Message Timestamp="2014-05-30T09:48:39" Importance="Diagnostic" Text="Reverse Engineering des Elements in das UML-Modell: 'ModelingProjectLiveTuner::controller_design::Save_and_load::File_Manager::load_from_file::x' -  (Parameter)" />
  <Message Timestamp="2014-05-30T09:48:39" Importance="Diagnostic" Text="Reverse Engineering des Elements in das UML-Modell: 'ModelingProjectLiveTuner::controller_design::Save_and_load::File_Manager::save2file' -  (Operation)" />
  <Message Timestamp="2014-05-30T09:48:39" Importance="Diagnostic" Text="Reverse Engineering des Elements in das UML-Modell: 'ModelingProjectLiveTuner::controller_design::Save_and_load::File_Manager::save2file::path' -  (Parameter)" />
  <Message Timestamp="2014-05-30T09:48:39" Importance="Diagnostic" Text="Reverse Engineering des Elements in das UML-Modell: 'ModelingProjectLiveTuner::controller_design::Save_and_load::File_Manager::save2file::x' -  (Parameter)" />
  <Message Timestamp="2014-05-30T09:48:39" Importance="Medium" Text="Reverse Engineering des Elements in das UML-Modell: 'ModelingProjectLiveTuner::controller_design::Save_and_load::Isavable' -  (Interface)" />
  <Message Timestamp="2014-05-30T09:48:39" Importance="Diagnostic" Text="Reverse Engineering des Elements in das UML-Modell: 'ModelingProjectLiveTuner::controller_design::Save_and_load::Isavable::parameters2string' -  (Operation)" />
  <Message Timestamp="2014-05-30T09:48:39" Importance="Diagnostic" Text="Reverse Engineering des Elements in das UML-Modell: 'ModelingProjectLiveTuner::controller_design::Save_and_load::Isavable::restorefromstring' -  (Operation)" />
  <Message Timestamp="2014-05-30T09:48:39" Importance="Diagnostic" Text="Reverse Engineering des Elements in das UML-Modell: 'ModelingProjectLiveTuner::controller_design::Save_and_load::Isavable::restorefromstring::s' -  (Parameter)" />
  <Message Timestamp="2014-05-30T09:48:39" Importance="Medium" Text="Reverse Engineering des Elements in das UML-Modell: 'ModelingProjectLiveTuner::controller_design::Save_and_load::Savable_WPF_Obj' -  (Class)" />
  <Message Timestamp="2014-05-30T09:48:39" Importance="Diagnostic" Text="Reverse Engineering des Elements in das UML-Modell: 'ModelingProjectLiveTuner::controller_design::Save_and_load::Savable_WPF_Obj::parameters2string' -  (Operation)" />
  <Message Timestamp="2014-05-30T09:48:39" Importance="Diagnostic" Text="Reverse Engineering des Elements in das UML-Modell: 'ModelingProjectLiveTuner::controller_design::Save_and_load::Savable_WPF_Obj::restorefromstring' -  (Operation)" />
  <Message Timestamp="2014-05-30T09:48:39" Importance="Diagnostic" Text="Reverse Engineering des Elements in das UML-Modell: 'ModelingProjectLiveTuner::controller_design::Save_and_load::Savable_WPF_Obj::restorefromstring::s' -  (Parameter)" />
  <Message Timestamp="2014-05-30T09:48:39" Importance="Diagnostic" Text="Reverse Engineering des Elements in das UML-Modell: 'ModelingProjectLiveTuner::controller_design::Save_and_load::Savable_WPF_Obj::Savable_WPF_Obj' -  (Operation)" />
  <Message Timestamp="2014-05-30T09:48:39" Importance="Diagnostic" Text="Reverse Engineering des Elements in das UML-Modell: 'ModelingProjectLiveTuner::controller_design::Save_and_load::Savable_WPF_Obj::Savable_WPF_Obj::cb_list' -  (Parameter)" />
  <Message Timestamp="2014-05-30T09:48:39" Importance="Diagnostic" Text="Reverse Engineering des Elements in das UML-Modell: 'ModelingProjectLiveTuner::controller_design::Save_and_load::Savable_WPF_Obj::Savable_WPF_Obj::checkb_list' -  (Parameter)" />
  <Message Timestamp="2014-05-30T09:48:39" Importance="Diagnostic" Text="Reverse Engineering des Elements in das UML-Modell: 'ModelingProjectLiveTuner::controller_design::Save_and_load::Savable_WPF_Obj::Savable_WPF_Obj::tb_list' -  (Parameter)" />
  <Message Timestamp="2014-05-30T09:48:39" Importance="Diagnostic" Text="Reverse Engineering des Elements in das UML-Modell: 'ModelingProjectLiveTuner::controller_design::Save_and_load::Savable_WPF_Obj::Savable_WPF_Obj::tc_list' -  (Parameter)" />
  <Message Timestamp="2014-05-30T09:48:39" Importance="Diagnostic" Text="Reverse Engineering des Elements in das UML-Modell: 'ModelingProjectLiveTuner::System' -  (Package)" />
  <Message Timestamp="2014-05-30T09:48:39" Importance="Diagnostic" Text="Reverse Engineering des Elements in das UML-Modell: 'ModelingProjectLiveTuner::System::Collections' -  (Package)" />
  <Message Timestamp="2014-05-30T09:48:39" Importance="Diagnostic" Text="Reverse Engineering des Elements in das UML-Modell: 'ModelingProjectLiveTuner::System::Collections::Generic' -  (Package)" />
  <Message Timestamp="2014-05-30T09:48:39" Importance="Diagnostic" Text="Reverse Engineering des Elements in das UML-Modell: 'ModelingProjectLiveTuner::System::Collections::Generic::IEnumerable' -  (Interface) (Reverse Engineering teilweise durchgeführt - Definition nicht aktualisiert) " />
  <Message Timestamp="2014-05-30T09:48:39" Importance="Diagnostic" Text="Reverse Engineering des Elements in das UML-Modell: 'ModelingProjectLiveTuner::System::Collections::Generic::IEnumerable&lt;Isavable‎&gt;' -  (Interface) (Reverse Engineering teilweise durchgeführt - Definition nicht aktualisiert) " />
  <Message Timestamp="2014-05-30T09:48:39" Importance="Diagnostic" Text="Reverse Engineering des Elements in das UML-Modell: 'ModelingProjectLiveTuner::System::Collections::Generic::List' -  (Class) (Reverse Engineering teilweise durchgeführt - Definition nicht aktualisiert) " />
  <Message Timestamp="2014-05-30T09:48:39" Importance="Diagnostic" Text="Reverse Engineering des Elements in das UML-Modell: 'ModelingProjectLiveTuner::System::Collections::Generic::List&lt;CheckBox‎&gt;' -  (Class) (Reverse Engineering teilweise durchgeführt - Definition nicht aktualisiert) " />
  <Message Timestamp="2014-05-30T09:48:39" Importance="Diagnostic" Text="Reverse Engineering des Elements in das UML-Modell: 'ModelingProjectLiveTuner::System::Collections::Generic::List&lt;ComboBox‎&gt;' -  (Class) (Reverse Engineering teilweise durchgeführt - Definition nicht aktualisiert) " />
  <Message Timestamp="2014-05-30T09:48:39" Importance="Diagnostic" Text="Reverse Engineering des Elements in das UML-Modell: 'ModelingProjectLiveTuner::System::Collections::Generic::List&lt;TabControl‎&gt;' -  (Class) (Reverse Engineering teilweise durchgeführt - Definition nicht aktualisiert) " />
  <Message Timestamp="2014-05-30T09:48:39" Importance="Diagnostic" Text="Reverse Engineering des Elements in das UML-Modell: 'ModelingProjectLiveTuner::System::Collections::Generic::List&lt;TextBox‎&gt;' -  (Class) (Reverse Engineering teilweise durchgeführt - Definition nicht aktualisiert) " />
  <Message Timestamp="2014-05-30T09:48:39" Importance="Diagnostic" Text="Reverse Engineering des Elements in das UML-Modell: 'ModelingProjectLiveTuner::System::Windows' -  (Package)" />
  <Message Timestamp="2014-05-30T09:48:39" Importance="Diagnostic" Text="Reverse Engineering des Elements in das UML-Modell: 'ModelingProjectLiveTuner::System::Windows::Controls' -  (Package)" />
  <Message Timestamp="2014-05-30T09:48:39" Importance="Diagnostic" Text="Reverse Engineering des Elements in das UML-Modell: 'ModelingProjectLiveTuner::System::Windows::Controls::CheckBox' -  (Class) (Reverse Engineering teilweise durchgeführt - Definition nicht aktualisiert) " />
  <Message Timestamp="2014-05-30T09:48:39" Importance="Diagnostic" Text="Reverse Engineering des Elements in das UML-Modell: 'ModelingProjectLiveTuner::System::Windows::Controls::ComboBox' -  (Class) (Reverse Engineering teilweise durchgeführt - Definition nicht aktualisiert) " />
  <Message Timestamp="2014-05-30T09:48:39" Importance="Diagnostic" Text="Reverse Engineering des Elements in das UML-Modell: 'ModelingProjectLiveTuner::System::Windows::Controls::TabControl' -  (Class) (Reverse Engineering teilweise durchgeführt - Definition nicht aktualisiert) " />
  <Message Timestamp="2014-05-30T09:48:39" Importance="Diagnostic" Text="Reverse Engineering des Elements in das UML-Modell: 'ModelingProjectLiveTuner::System::Windows::Controls::TextBox' -  (Class) (Reverse Engineering teilweise durchgeführt - Definition nicht aktualisiert) " />
  <Message Timestamp="2014-05-30T09:48:39" Importance="Diagnostic" Text="Reverse Engineering des Elements in das UML-Modell: 'String' -  (PrimitiveType)" />
  <Message Timestamp="2014-05-30T09:48:39" Importance="Diagnostic" Text="Reverse Engineering der Beziehung in das UML-Modell: ModelingProjectLiveTuner::controller_design::Save_and_load::Savable_WPF_Obj nach ModelingProjectLiveTuner::controller_design::Save_and_load::Isavable (InterfaceRealization)" />
  <Message Timestamp="2014-05-30T09:48:39" Importance="High" Text="Vollständiges Reverse Engineering für (3) Type(n)." />
  <Message Timestamp="2014-05-30T09:48:39" Importance="High" Text="Reverse Engineering für (11) Type(n) teilweise durchgeführt. Diese Typen waren nicht in der ursprünglichen Auswahl enthalten, sodass kein Reverse Engineering für deren vollständige Definitionen durchgeführt wurde. Stattdessen wurde bei diesem oberflächlichen Vorgang lediglich sichergestellt, dass diese Typen im UML-Modell vorhanden sind, da diese erforderlich sind, um andere Elemente vollständig zu beschreiben." />
  <Message Timestamp="2014-05-30T09:48:39" Importance="High" Text="Der Reverse Engineering-Vorgang wurde mit (0) Fehler(n) und (0) Warnung(en) abgeschlossen." />
</Log>