﻿<?xml version="1.0" encoding="utf-8"?>
<HelpTOC>

  <HelpTOCNode Id="ee2458dc-77ed-4cf9-9a13-12fd0e39b5aa" Title="Control_Tools Namespace" Url="html/8f126cf7-5376-1e0f-1b80-4d3759242393.htm">
    <HelpTOCNode Id="57fd4701-e974-49c5-a7be-f811f594b979" Title="Base_Slider Class" Url="html/99477253-2218-4ebc-c299-9fe32eda5fc8.htm">
      <HelpTOCNode Title="Base_Slider Constructor " Url="html/47e0af0c-34ee-3a42-a592-8fffb8009c5b.htm" />
      <HelpTOCNode Id="f2e9ec45-8b69-429a-9dcc-aa0921c2fa76" Title="Base_Slider Methods" Url="html/7c81827f-c13a-75af-42ab-46a41a1978eb.htm">
        <HelpTOCNode Title="InitializeComponent Method " Url="html/804badb7-ad06-d264-af42-472a6ee712a3.htm" />
        <HelpTOCNode Title="parameters2string Method " Url="html/3b3e81e2-8f32-7002-d645-e7890175f50c.htm" />
        <HelpTOCNode Title="restorefromstring Method " Url="html/233cf14a-177e-441a-eca2-45672a34acd9.htm" />
        <HelpTOCNode Title="set_Base Method " Url="html/f99da0e6-e8d2-4c2c-f675-ab953ed8e409.htm" />
      </HelpTOCNode>
      <HelpTOCNode Id="306bc85c-d0c8-4311-a3f0-1477309f5f76" Title="Base_Slider Properties" Url="html/3e96db3f-e3b4-c059-e4ac-19211980cfcd.htm">
        <HelpTOCNode Title="Label Property " Url="html/1a97f7ae-f61d-7f47-40ce-d6c7678ea1f6.htm" />
      </HelpTOCNode>
      <HelpTOCNode Id="5d663b00-eee6-4b84-ba22-2c98fea327c3" Title="Base_Slider Events" Url="html/6ec29bf1-636f-bfa6-054a-13748b09acb2.htm">
        <HelpTOCNode Title="value_changed Event" Url="html/e6f4d912-a6d3-3335-1107-463ad765e475.htm" />
      </HelpTOCNode>
    </HelpTOCNode>
    <HelpTOCNode Title="OutputEventHandler Delegate" Url="html/2f572d74-d6b5-1fce-7b8b-3879b7f65564.htm" />
  </HelpTOCNode>
  <HelpTOCNode Id="912f37c6-4cc2-441f-813d-edcb8fbb7cc4" Title="controller_design.Integrators_and_Registers Namespace" Url="html/7a9be92c-8314-f8f9-6c09-4291680106ac.htm">
    <HelpTOCNode Id="dbc947fa-dc1b-4aee-937f-07b44e7a8a8c" Title="Integrator Class" Url="html/73dd952b-74ec-8a89-aeae-44bd8e0827dd.htm">
      <HelpTOCNode Id="6b978c7e-8ddc-4fd7-9022-eefaa5e17803" Title="Integrator Methods" Url="html/1ebe094b-9954-742d-0764-239e8a90a98e.htm">
        <HelpTOCNode Title="Backward_Euler Method " Url="html/d8e5a78e-ac3f-285c-f47e-5066cfbc7617.htm" />
        <HelpTOCNode Title="Trapezoidal Method " Url="html/a9302e07-9133-e8b3-6d91-be307e77ac91.htm" />
      </HelpTOCNode>
    </HelpTOCNode>
    <HelpTOCNode Id="ea08a89d-aa83-474f-a25d-58ca6da7d71e" Title="Integrator_Register Class" Url="html/9c2ae2ef-6d3d-9e8d-2f8f-4ef0f1cbb176.htm">
      <HelpTOCNode Title="Integrator_Register Constructor " Url="html/5929f8cc-e2d9-3a4d-45ba-de614856ffc7.htm" />
      <HelpTOCNode Id="b624af53-70ce-4a59-b2e0-dbe3122a2b9a" Title="Integrator_Register Methods" Url="html/93806d8c-d03f-686a-6c3f-7427e3b23cd8.htm">
        <HelpTOCNode Title="do_one_step Method " Url="html/737261cc-63a3-70d3-2407-00ba7c448f26.htm" />
        <HelpTOCNode Title="reset Method " Url="html/be04f528-243d-9cd5-d8a8-8e8377b0c65f.htm" />
        <HelpTOCNode Title="ToString Method " Url="html/b6da256a-ce49-69d7-6022-c67ee9d19231.htm" />
      </HelpTOCNode>
      <HelpTOCNode Id="6c7a148a-52a5-4750-ab24-f3172b8413a3" Title="Integrator_Register Properties" Url="html/8a83a27b-4cfc-98af-33ea-fea1ddc1c1ce.htm">
        <HelpTOCNode Title="Item Property " Url="html/720a9414-0597-f24e-aef2-62028757b8e3.htm" />
      </HelpTOCNode>
    </HelpTOCNode>
    <HelpTOCNode Id="11a0a139-a9e1-4ea0-953c-c0250b851296" Title="Shift_Register(T) Class" Url="html/878c69a1-206a-651b-d83a-ef106c6af40d.htm">
      <HelpTOCNode Id="c486a91c-d946-4699-a37b-c5977c32ca41" Title="Shift_Register(T) Constructor " Url="html/bbe8a4b8-db23-3ed0-2c30-d285ed660b39.htm">
        <HelpTOCNode Title="Shift_Register(T) Constructor " Url="html/c3c35a98-793d-c50b-6005-ac8acfa41678.htm" />
        <HelpTOCNode Title="Shift_Register(T) Constructor (T[])" Url="html/17c23db5-ac2a-616d-1d24-2a78ad24460a.htm" />
      </HelpTOCNode>
      <HelpTOCNode Id="bf0db43e-3ae7-45ef-ba40-1d569649c952" Title="Shift_Register(T) Methods" Url="html/5a88c57c-6309-35a1-b933-6b4a1639b229.htm">
        <HelpTOCNode Title="add_and_shift Method " Url="html/4833deae-6ea7-3f9f-eee9-bdbc34bc6b7a.htm" />
        <HelpTOCNode Title="ToString Method " Url="html/560c8b98-32a0-ee51-ccf5-641204021370.htm" />
      </HelpTOCNode>
      <HelpTOCNode Id="31e6a55a-a9e5-461f-b4d2-3f48d46fd694" Title="Shift_Register(T) Properties" Url="html/1af9982c-0788-0dae-4320-2ae1aad9da88.htm">
        <HelpTOCNode Title="Item Property " Url="html/7c0aff7e-ff26-ed55-5252-48ea99691711.htm" />
      </HelpTOCNode>
    </HelpTOCNode>
  </HelpTOCNode>
  <HelpTOCNode Id="2b671926-ec45-4c0c-9579-d0c45e9286e7" Title="controller_design.Save_and_load Namespace" Url="html/1bba6084-577f-4593-e646-7661baeda937.htm">
    <HelpTOCNode Id="275534d3-de0e-4469-a890-1054ab25f7a6" Title="File_Manager Class" Url="html/9ccdece0-550a-0c6a-cbd4-c0437c13211b.htm">
      <HelpTOCNode Id="71e66da7-0db1-44e1-98e7-eaba0d48fcb8" Title="File_Manager Methods" Url="html/5d8c4c06-983b-8cbd-91c4-751661145d39.htm">
        <HelpTOCNode Title="load_from_file Method " Url="html/3ea21cb6-16eb-8798-8af0-f7b73ac58bd9.htm" />
        <HelpTOCNode Title="save2file Method " Url="html/d92f7803-9447-c345-5ae3-0cc6237504ef.htm" />
      </HelpTOCNode>
    </HelpTOCNode>
    <HelpTOCNode Id="a9d5ac3e-22b8-4d74-ae28-e0017ba03df3" Title="Isavable Interface" Url="html/c3c66670-44a6-9206-c155-c6fc7574a4fb.htm">
      <HelpTOCNode Id="0891e25c-1426-48ef-b62b-2e52e46d1d32" Title="Isavable Methods" Url="html/a88f7d82-87e1-88a2-fb68-0edc58310d4a.htm">
        <HelpTOCNode Title="parameters2string Method " Url="html/37ad1342-09ef-46b0-153d-0dad0ebf09c2.htm" />
        <HelpTOCNode Title="restorefromstring Method " Url="html/8eb41ce0-d7b7-abd5-0c84-7ac02bb6b220.htm" />
      </HelpTOCNode>
    </HelpTOCNode>
    <HelpTOCNode Id="95deebfe-1d62-43e7-a102-8ea89d5189e6" Title="Savable_WPF_Obj Class" Url="html/931b6ae9-f968-bd2c-dfaa-26b96d22328e.htm">
      <HelpTOCNode Id="346bf748-c42a-418f-9925-12be64e1107e" Title="Savable_WPF_Obj Constructor " Url="html/058dd39a-ad0b-cccc-a62c-3983482f0c16.htm">
        <HelpTOCNode Title="Savable_WPF_Obj Constructor (List(ComboBox), List(TextBox))" Url="html/9f75922a-5507-7e04-8bc9-805e0458bb9f.htm" />
        <HelpTOCNode Title="Savable_WPF_Obj Constructor (List(ComboBox), List(TextBox), List(TabControl))" Url="html/28a216d2-7734-39c4-d367-3648f52717e2.htm" />
        <HelpTOCNode Title="Savable_WPF_Obj Constructor (List(ComboBox), List(TextBox), List(TabControl), List(CheckBox))" Url="html/5acf2c0c-cf44-ae8b-e165-f9a52e56306b.htm" />
      </HelpTOCNode>
      <HelpTOCNode Id="94870ca4-e13c-4dca-b1e0-d28e79f40c4b" Title="Savable_WPF_Obj Methods" Url="html/e588e876-1081-cb3b-44d3-d6ceb4c8b1d8.htm">
        <HelpTOCNode Title="parameters2string Method " Url="html/0eeb951e-8c78-fb30-867e-0de04bc0d9f1.htm" />
        <HelpTOCNode Title="restorefromstring Method " Url="html/8b4080cc-6f46-99c2-26e5-51ce2a57cc6b.htm" />
      </HelpTOCNode>
    </HelpTOCNode>
  </HelpTOCNode>
  <HelpTOCNode Id="2672c366-0826-411c-8ebc-6415a493c06e" Title="controller_design.Schematic Namespace" Url="html/af716cbf-613b-8c22-ab2a-fe87ea0f5988.htm">
    <HelpTOCNode Id="821d617d-1862-4b99-bb75-3e6ea00ff2c2" Title="Adder Class" Url="html/6a08b309-d04d-f9cc-3d13-f032cbc4586d.htm">
      <HelpTOCNode Title="Adder Constructor " Url="html/a5e04b61-7f05-6829-b273-765179d79dce.htm" />
      <HelpTOCNode Id="41443072-b450-4124-9346-b5af995be8fb" Title="Adder Methods" Url="html/bbdc9e88-bf2a-1e81-cd93-d5a05e53fc20.htm">
        <HelpTOCNode Title="connect_this_Input_with Method " Url="html/a974ac3e-a33f-9de9-d1e3-863f4f325f69.htm" />
        <HelpTOCNode Title="disconnect_this_Input_from Method " Url="html/906c8b86-f8c4-4683-8cd0-5bdd43121bb7.htm" />
        <HelpTOCNode Title="do_one_step Method " Url="html/980d40be-0f32-9cab-4c85-9d7b32f85c9b.htm" />
        <HelpTOCNode Title="reset Method " Url="html/50de860a-0efc-9212-9445-6d421a517767.htm" />
        <HelpTOCNode Title="set_input Method " Url="html/64775c42-637a-2f13-338d-fc841f3fd2ff.htm" />
      </HelpTOCNode>
      <HelpTOCNode Id="6de456a5-eac2-4688-ac35-192f26836d64" Title="Adder Events" Url="html/35a99237-6534-4070-033f-fc1c686de072.htm">
        <HelpTOCNode Title="I_am_finish Event" Url="html/b7127224-4c8b-169d-fd21-d6c7d5582b3e.htm" />
      </HelpTOCNode>
    </HelpTOCNode>
    <HelpTOCNode Id="79983e26-4d5e-4991-8170-e50ed992d528" Title="Controller_I Class" Url="html/804022f4-9477-87e3-cec9-2619e8292eff.htm">
      <HelpTOCNode Id="4960d506-2104-4568-97ee-e1b16ca51c8a" Title="Controller_I Constructor " Url="html/9cf03ea8-5335-22ab-e6f7-1adf969e5ce6.htm">
        <HelpTOCNode Title="Controller_I Constructor " Url="html/3ad81277-f179-3a7a-0326-cde97063dec6.htm" />
        <HelpTOCNode Title="Controller_I Constructor (Single)" Url="html/7051e17f-494d-e3d4-be81-552289f3ef10.htm" />
      </HelpTOCNode>
      <HelpTOCNode Title="Controller_I Fields" Url="html/5588fa6d-0b8f-f349-4313-c8d319367474.htm" />
      <HelpTOCNode Id="63243a49-7b74-4fb9-93e2-e462d1bdb824" Title="Controller_I Methods" Url="html/b898b65e-7f73-2b94-3516-80fcf950437e.htm">
        <HelpTOCNode Title="recalc_coefficients Method " Url="html/9415f6bc-26b1-6439-a7bb-903ca3e78c7f.htm" />
      </HelpTOCNode>
      <HelpTOCNode Id="6671bd91-a6ce-4e0a-ad77-73626b26e136" Title="Controller_I Properties" Url="html/e314d32f-6bfd-f0ab-32ba-a2cf2450ed45.htm">
        <HelpTOCNode Title="_Ti Property " Url="html/b3657cad-715d-a917-d566-09defabc191b.htm" />
      </HelpTOCNode>
      <HelpTOCNode Title="Controller_I Events" Url="html/2ff21fc7-38e1-650d-acff-b34907480d39.htm" />
    </HelpTOCNode>
    <HelpTOCNode Id="4925f105-22fb-4da7-a8db-86c97906f685" Title="Controller_P Class" Url="html/fdab0e31-b622-18ec-7742-d6fdcc02e34e.htm">
      <HelpTOCNode Id="bc151191-fcd8-494e-bd80-76c6c22da511" Title="Controller_P Constructor " Url="html/7b084ab9-9cfe-153c-d044-7e8e9c2970ad.htm">
        <HelpTOCNode Title="Controller_P Constructor " Url="html/005fe9f1-e1c7-00e2-1707-a789f21e25c5.htm" />
        <HelpTOCNode Title="Controller_P Constructor (Single)" Url="html/2803fa23-5123-95d1-d4e3-61ab7e18e741.htm" />
      </HelpTOCNode>
      <HelpTOCNode Title="Controller_P Fields" Url="html/ae6573fa-77ee-7d13-1695-ed659b288f7f.htm" />
      <HelpTOCNode Id="27a49710-eaaa-49ae-ba78-df00f2b575d5" Title="Controller_P Methods" Url="html/7ab6d38a-1155-4527-341f-a94d536f1fad.htm">
        <HelpTOCNode Title="recalc_coefficients Method " Url="html/b96ba9ba-e66c-699b-1684-a3bb95315e54.htm" />
      </HelpTOCNode>
      <HelpTOCNode Id="f72973ea-fe98-4120-afe4-e55f648952cb" Title="Controller_P Properties" Url="html/6a33a7bd-7ac8-f6df-5a05-53e4e3634486.htm">
        <HelpTOCNode Title="_Vr Property " Url="html/2f52dafd-811c-ac69-2b91-a4413a912fb8.htm" />
      </HelpTOCNode>
      <HelpTOCNode Title="Controller_P Events" Url="html/9d077264-3c2e-1d76-c1ad-438a1205bd12.htm" />
    </HelpTOCNode>
    <HelpTOCNode Id="05f420b8-b86c-42f0-a490-6cdc259b575a" Title="Controller_PI Class" Url="html/5b650ed0-5a5b-ebc6-4cfc-83e14b0a4e3e.htm">
      <HelpTOCNode Id="679625ee-272d-4141-a60c-6c343e79cb32" Title="Controller_PI Constructor " Url="html/02c25803-e911-b172-632d-747a92244fff.htm">
        <HelpTOCNode Title="Controller_PI Constructor " Url="html/4cd97441-aa1f-4f49-97ef-9350545d8d0e.htm" />
        <HelpTOCNode Title="Controller_PI Constructor (Single, Single)" Url="html/d8813b23-48de-1eba-3780-102da305d961.htm" />
      </HelpTOCNode>
      <HelpTOCNode Title="Controller_PI Fields" Url="html/f1e48d91-e6cc-599c-eaf2-cd46533a084e.htm" />
      <HelpTOCNode Id="39485bac-186e-4075-8982-abf20d18ccd8" Title="Controller_PI Methods" Url="html/31a6023a-0b10-bd2c-6496-cc09795dcfb8.htm">
        <HelpTOCNode Title="recalc_coefficients Method " Url="html/218dfba2-9405-b875-2fd8-8ec4fac68551.htm" />
      </HelpTOCNode>
      <HelpTOCNode Id="73bf55b6-3f05-4d6c-8afa-b03b4b9c9ba1" Title="Controller_PI Properties" Url="html/e7474183-113b-43d2-893b-85348c93b285.htm">
        <HelpTOCNode Title="_Tn Property " Url="html/6dc507fb-eb31-23d8-6c9f-7d1395d02fde.htm" />
        <HelpTOCNode Title="_Vr Property " Url="html/d7a136d1-7147-6e90-1b48-e7c6db86231e.htm" />
      </HelpTOCNode>
      <HelpTOCNode Title="Controller_PI Events" Url="html/9bd97b92-cc46-0566-2e9d-5cb043724add.htm" />
    </HelpTOCNode>
    <HelpTOCNode Id="8e553261-b237-41ad-93a3-85b9d0a38e6c" Title="ISimulatable Interface" Url="html/582ae21e-de34-2b1e-3c04-ba8e1fb12693.htm">
      <HelpTOCNode Id="26295ed9-e353-4562-b01f-0a4b7bdf8e99" Title="ISimulatable Methods" Url="html/72c5aa01-70b1-106b-bf64-47cee461e216.htm">
        <HelpTOCNode Title="connect_this_Input_with Method " Url="html/2ed7a5bd-18a8-5e9e-931b-64a9ff603b0b.htm" />
        <HelpTOCNode Title="disconnect_this_Input_from Method " Url="html/48cc3bfc-615a-c1f1-9fdc-06d7c5199755.htm" />
        <HelpTOCNode Title="do_one_step Method " Url="html/99be182e-b419-d836-8f9b-357eeb9ab2bc.htm" />
        <HelpTOCNode Title="reset Method " Url="html/ee53a307-4023-75d5-9055-11193ddfeff0.htm" />
        <HelpTOCNode Title="set_input Method " Url="html/35b4fada-439a-715b-9baa-76a482bfa8a9.htm" />
      </HelpTOCNode>
      <HelpTOCNode Id="9e3953d8-9f6d-476a-8383-4492471602cd" Title="ISimulatable Events" Url="html/c20d623c-871b-4085-265e-d0233d8bd3d3.htm">
        <HelpTOCNode Title="I_am_finish Event" Url="html/8398b58a-58d6-3535-9b5d-c8ff57c195ff.htm" />
      </HelpTOCNode>
    </HelpTOCNode>
    <HelpTOCNode Id="80c71a30-9489-449c-9326-758ec23de389" Title="IT1 Class" Url="html/c2e7c5d0-2762-873d-9606-8c3130317153.htm">
      <HelpTOCNode Id="4607ab24-6c4d-449a-a904-a327212dfa2b" Title="IT1 Constructor " Url="html/91fa2fd0-81cc-7993-df7a-c500d06143af.htm">
        <HelpTOCNode Title="IT1 Constructor " Url="html/541b1787-2d8d-1e3e-543d-38401209478a.htm" />
        <HelpTOCNode Title="IT1 Constructor (Single, Single)" Url="html/61321477-6627-8505-1421-d74b648cdfda.htm" />
      </HelpTOCNode>
      <HelpTOCNode Title="IT1 Fields" Url="html/673118f3-27f3-cc9f-e5b7-cee757e97815.htm" />
      <HelpTOCNode Id="a2d9b9de-379e-41a9-9a54-7c8a0ae8027d" Title="IT1 Methods" Url="html/a8190d31-8dbe-c343-2326-51de098aabde.htm">
        <HelpTOCNode Title="recalc_coefficients Method " Url="html/b0f0b130-e458-3935-1d12-e05ccbcb76b5.htm" />
      </HelpTOCNode>
      <HelpTOCNode Id="e56bb3d5-d139-4d5f-9e38-8529c4a5ed4a" Title="IT1 Properties" Url="html/37ddbff3-661c-8be7-0ee5-d247baf087b8.htm">
        <HelpTOCNode Title="_T2 Property " Url="html/6d987a8c-0fd2-d4ed-f6a2-3935a4227820.htm" />
        <HelpTOCNode Title="_Ti Property " Url="html/6123538c-624f-f600-67d4-1b0a21e66739.htm" />
      </HelpTOCNode>
      <HelpTOCNode Title="IT1 Events" Url="html/c52cdbd0-459e-4f8e-b028-8bf20094fcf4.htm" />
    </HelpTOCNode>
    <HelpTOCNode Id="36ed87de-427c-4514-84f6-b2684b8fbecc" Title="Optimize Class" Url="html/c3446f67-4dd2-c4db-b776-f191d17f6432.htm">
      <HelpTOCNode Id="b408e0fc-4d25-4c4c-a982-15cd745e39bb" Title="Optimize Methods" Url="html/792a22ec-4749-0c94-d262-4824d8b0e9e1.htm">
        <HelpTOCNode Id="df21168a-26bb-4ab8-ac49-3d739dd4d117" Title="Controller Method " Url="html/72dcd9d1-4fd9-15f0-1f71-4fffd9d15cdc.htm">
          <HelpTOCNode Title="Controller Method (IT1, Controller_P)" Url="html/04124b16-8866-cbf8-44e5-aac68df949c1.htm" />
          <HelpTOCNode Title="Controller Method (IT1, Controller_PI)" Url="html/5c86c22c-7acd-a541-f746-f62470011d5d.htm" />
          <HelpTOCNode Title="Controller Method (PT1, Controller_I)" Url="html/c427ec9f-ba2d-08fa-f7ff-32e76a9b90cf.htm" />
          <HelpTOCNode Title="Controller Method (PT2_wdb1, Controller_P)" Url="html/fc11d375-6d68-1169-5ccd-405946eb1060.htm" />
          <HelpTOCNode Title="Controller Method (PT2_wdb1, Controller_PI)" Url="html/dbc43bde-7012-e593-0f15-db5948a9675c.htm" />
          <HelpTOCNode Title="Controller Method (PT2_wdse1, Controller_I)" Url="html/f6d389ef-a68b-8ae0-bd94-c471051f4c6a.htm" />
          <HelpTOCNode Title="Controller Method (PT2_wdse1, Controller_PI)" Url="html/c662ed63-cbb8-92e5-7011-a7e4d0a4c235.htm" />
        </HelpTOCNode>
      </HelpTOCNode>
    </HelpTOCNode>
    <HelpTOCNode Title="OutputEventHandler Delegate" Url="html/f5b77905-36c3-2920-e926-1f15ac1d1029.htm" />
    <HelpTOCNode Id="ddbf079c-947e-47c0-a628-a907dd142fcf" Title="PT1 Class" Url="html/762fe325-11a2-ddf9-8b15-357aaa0d25ac.htm">
      <HelpTOCNode Id="d38562b0-0ce6-46ca-b37e-6ee876a456ec" Title="PT1 Constructor " Url="html/6dddb8ea-a95a-9844-4f75-24341dd2f74e.htm">
        <HelpTOCNode Title="PT1 Constructor " Url="html/4cf4e1e2-7d54-c333-5f90-2e9b1fc7056c.htm" />
        <HelpTOCNode Title="PT1 Constructor (Single, Single)" Url="html/5ac6e524-0e30-e76d-af53-321dbdb7f7ec.htm" />
      </HelpTOCNode>
      <HelpTOCNode Title="PT1 Fields" Url="html/a478a799-ba92-035b-dc58-85ac4b0d7a1d.htm" />
      <HelpTOCNode Id="a96c87d5-163d-4ea9-8604-7e7438ce2ce0" Title="PT1 Methods" Url="html/9378e875-554c-3207-111a-f397bdda05a4.htm">
        <HelpTOCNode Title="recalc_coefficients Method " Url="html/ad9693e0-9b08-1412-ccda-6e4c5585e561.htm" />
      </HelpTOCNode>
      <HelpTOCNode Id="7e34812f-8686-4780-ac8e-2ab0f4967367" Title="PT1 Properties" Url="html/103ca291-28fd-93fa-d189-aa1d0878ce3f.htm">
        <HelpTOCNode Title="_T1 Property " Url="html/e22a5ac2-62dc-d4fc-fc71-ccb7ac3b1e4e.htm" />
        <HelpTOCNode Title="_Vs Property " Url="html/a6cb5e86-61cc-4d73-5e0a-95c340cb6996.htm" />
      </HelpTOCNode>
      <HelpTOCNode Title="PT1 Events" Url="html/80db4649-6031-6c47-0277-1e29b7548533.htm" />
    </HelpTOCNode>
    <HelpTOCNode Id="520ae9e0-2236-4436-a8b8-36c8706727af" Title="PT2_wdb1 Class" Url="html/1a02ca4b-1863-160d-5054-a81222e900d0.htm">
      <HelpTOCNode Id="79edc7dd-73ea-4b1b-900f-7aefb071dff8" Title="PT2_wdb1 Constructor " Url="html/e3e4e424-2c14-34c4-96c7-d265cb178542.htm">
        <HelpTOCNode Title="PT2_wdb1 Constructor " Url="html/94dec6ed-e3bc-3ad3-e323-a2d70aa77ed0.htm" />
        <HelpTOCNode Title="PT2_wdb1 Constructor (Single, Single, Single)" Url="html/30ca0eb4-a35b-b455-ad44-7f6ec766ec96.htm" />
      </HelpTOCNode>
      <HelpTOCNode Title="PT2_wdb1 Fields" Url="html/f96c2d40-5e60-0c23-5d83-154cba053069.htm" />
      <HelpTOCNode Id="4d537eba-17a8-46bf-ab10-215fbad99895" Title="PT2_wdb1 Methods" Url="html/62898181-b387-90aa-4a80-e1de2bffedb5.htm">
        <HelpTOCNode Title="recalc_coefficients Method " Url="html/595714b8-16f8-0caa-d98c-3167a28b0e54.htm" />
      </HelpTOCNode>
      <HelpTOCNode Id="e5933d89-fb5a-4efd-adf5-da710e3d64f0" Title="PT2_wdb1 Properties" Url="html/8b00e837-703b-36d1-5ec3-4c3827e01cb3.htm">
        <HelpTOCNode Title="_T1 Property " Url="html/20417d65-9715-b325-f918-a5f53574fdf1.htm" />
        <HelpTOCNode Title="_T2 Property " Url="html/9e99bc7a-bc3e-e8cb-bb67-3d2b7dbef508.htm" />
        <HelpTOCNode Title="_Vs Property " Url="html/7d352b39-7e78-70c2-c8c5-677fa2ad8f87.htm" />
      </HelpTOCNode>
      <HelpTOCNode Title="PT2_wdb1 Events" Url="html/2d7e3d5b-77fb-85e9-92fc-a78e456299f1.htm" />
    </HelpTOCNode>
    <HelpTOCNode Id="ccfae60e-a6ff-4723-827b-aae09933ca9b" Title="PT2_wdse1 Class" Url="html/088cd218-63fe-06b6-c77d-a77bd88c555f.htm">
      <HelpTOCNode Id="08eb6709-e9de-4411-a857-5f0064cdabc9" Title="PT2_wdse1 Constructor " Url="html/8d89ebd3-4e49-7534-b9f5-b43dd3447591.htm">
        <HelpTOCNode Title="PT2_wdse1 Constructor " Url="html/f3142662-0296-085d-5317-f715e603d2ac.htm" />
        <HelpTOCNode Title="PT2_wdse1 Constructor (Single, Single, Single)" Url="html/363d7c7f-b5bc-3a95-5423-222b50cd7f85.htm" />
      </HelpTOCNode>
      <HelpTOCNode Title="PT2_wdse1 Fields" Url="html/517aa18f-7942-bf85-ed08-3a843e580094.htm" />
      <HelpTOCNode Id="de890273-72fb-483f-acff-d81bf240803a" Title="PT2_wdse1 Methods" Url="html/fbadac75-c231-fcbe-4970-22e602087f5e.htm">
        <HelpTOCNode Title="recalc_coefficients Method " Url="html/97d09e47-a488-a8e6-10b3-bc2327b2d77a.htm" />
      </HelpTOCNode>
      <HelpTOCNode Id="9e388b6c-a6e6-439f-a56b-d2caedfa4634" Title="PT2_wdse1 Properties" Url="html/15a4b1f2-33ed-405c-58b3-1551b971b586.htm">
        <HelpTOCNode Title="_d Property " Url="html/f974375a-7150-042d-0bba-6b47e53d85b0.htm" />
        <HelpTOCNode Title="_T Property " Url="html/53c7a543-6bf9-bacd-25a4-eed887610776.htm" />
        <HelpTOCNode Title="_Vs Property " Url="html/7d8d005b-ae6b-64e0-6ed0-d877d363b3d5.htm" />
      </HelpTOCNode>
      <HelpTOCNode Title="PT2_wdse1 Events" Url="html/cf70e209-6843-579b-6ac1-6e5102b1103e.htm" />
    </HelpTOCNode>
    <HelpTOCNode Id="4d12e898-3aca-40a8-8934-a4133de9d5c2" Title="Simulator Class" Url="html/25efb38c-53dc-5def-8679-0e55c5d7382b.htm">
      <HelpTOCNode Id="706513d6-4122-4450-b292-b99c20349f60" Title="Simulator Constructor " Url="html/a4f50a78-22a8-feaa-1aec-7a9afda585e5.htm">
        <HelpTOCNode Title="Simulator Constructor (ISimulatable[])" Url="html/ddb44621-c886-5734-4d1a-527dc33144b9.htm" />
        <HelpTOCNode Title="Simulator Constructor (ISimulatable, Step, ISimulatable)" Url="html/84229512-d742-1705-69f3-f5ec16f2bacf.htm" />
      </HelpTOCNode>
      <HelpTOCNode Id="2894de6c-0b59-47ec-87a2-5de07b433e1c" Title="Simulator Methods" Url="html/e0d8913b-b683-e778-f284-bebeafbc4d2e.htm">
        <HelpTOCNode Title="replace_in_Schematic_at_pos Method " Url="html/db7c77da-fbfe-523e-d93d-96dd6c5ebeb8.htm" />
        <HelpTOCNode Title="simulate Method " Url="html/b259172d-d38b-e645-0987-3bb2cd07c35b.htm" />
      </HelpTOCNode>
    </HelpTOCNode>
    <HelpTOCNode Id="09eb6f56-20eb-40c9-893c-77b16f465a10" Title="Step Class" Url="html/44c57a78-c34c-a0f5-7915-d7217a84c0ad.htm">
      <HelpTOCNode Id="48433812-f034-4b41-a7f6-ef3957620f11" Title="Step Constructor " Url="html/e7b423ac-46e9-53f9-3d29-e2226e64cee8.htm">
        <HelpTOCNode Title="Step Constructor " Url="html/5bbedd96-3a9f-f992-d76a-05d14fb64930.htm" />
        <HelpTOCNode Title="Step Constructor (Single, Single)" Url="html/9a6389eb-6a0a-9ea7-f8cb-5169ec31f689.htm" />
      </HelpTOCNode>
      <HelpTOCNode Id="34581f96-7c30-45e5-a494-d626e607c287" Title="Step Methods" Url="html/0f87bb4d-b9c2-6250-cf77-3fcf9d019d3b.htm">
        <HelpTOCNode Title="connect_this_Input_with Method " Url="html/1d6f486b-f066-f904-0e0b-d840cf1958ac.htm" />
        <HelpTOCNode Title="disconnect_this_Input_from Method " Url="html/32108fee-cc80-314f-a10f-b8bf2b3d6bb4.htm" />
        <HelpTOCNode Title="do_one_step Method " Url="html/29b7d00b-d540-9719-da18-a40fc6433ecd.htm" />
        <HelpTOCNode Title="reset Method " Url="html/658194f4-ef1d-639b-5391-9b78ca4c6d38.htm" />
        <HelpTOCNode Title="set_input Method " Url="html/57d8ffb5-79e1-6b5d-0677-8ad8fcf8a696.htm" />
      </HelpTOCNode>
      <HelpTOCNode Id="66c0fce1-837a-47a2-aa08-b441f1fcdc46" Title="Step Properties" Url="html/1b2544fc-68cd-8687-c8de-b443f5c27fe0.htm">
        <HelpTOCNode Title="_step_Time Property " Url="html/f7b6f698-0f34-6002-3459-d1b211f73fa3.htm" />
        <HelpTOCNode Title="_step_Value Property " Url="html/2e9f2f85-5718-323e-8d41-4829c5387533.htm" />
      </HelpTOCNode>
      <HelpTOCNode Id="9496b13d-2a74-468c-9940-0b3e3bf45655" Title="Step Events" Url="html/35a2d3fb-9e7d-331f-838d-9b620e4e83ff.htm">
        <HelpTOCNode Title="I_am_finish Event" Url="html/5156f500-a906-6e42-ff50-65c7d53af1ac.htm" />
      </HelpTOCNode>
    </HelpTOCNode>
    <HelpTOCNode Id="20cd85b1-e717-4ed6-992f-cf3ec9f09ce3" Title="Transferfunction Class" Url="html/8861fe2e-5b3c-c045-b7b1-ea36aa06b8f0.htm">
      <HelpTOCNode Id="ec7ff037-31de-4744-a3df-15f2af512038" Title="Transferfunction Constructor " Url="html/4fb284dc-e944-1b53-89e3-fc152d355496.htm">
        <HelpTOCNode Title="Transferfunction Constructor " Url="html/eaee061e-0383-f304-1cff-6dc7df892b07.htm" />
        <HelpTOCNode Title="Transferfunction Constructor (Single[], Single[])" Url="html/5d553d9a-17d8-411c-61a7-2a650007f9e8.htm" />
      </HelpTOCNode>
      <HelpTOCNode Id="33a61e35-4b0e-4101-9c0e-70fe43c7a12d" Title="Transferfunction Fields" Url="html/c98bc0ee-514e-cddf-187e-5ac8e072386d.htm">
        <HelpTOCNode Title="_a Field" Url="html/f15f71f5-d1dc-9ac3-ffaf-b5cc18126330.htm" />
        <HelpTOCNode Title="_b Field" Url="html/872e67a9-144d-81b2-0ef5-2daa5d24cced.htm" />
        <HelpTOCNode Title="_input Field" Url="html/11aefc14-1574-41fb-8a78-f4eb44a68180.htm" />
        <HelpTOCNode Title="_p Field" Url="html/f5f94cf0-729f-cb20-3a31-01df748f89fb.htm" />
      </HelpTOCNode>
      <HelpTOCNode Id="3654b863-7e46-4d5e-a47b-3306f59cbd85" Title="Transferfunction Methods" Url="html/75c0c4d9-310f-d8dc-daf7-a2e144424471.htm">
        <HelpTOCNode Title="connect_this_Input_with Method " Url="html/93203fcd-93bb-569c-2f38-d1b9d97c17de.htm" />
        <HelpTOCNode Title="disconnect_this_Input_from Method " Url="html/a50a00f4-6761-8165-79ac-11a17c804489.htm" />
        <HelpTOCNode Title="do_one_step Method " Url="html/f5b48515-d955-496e-3e6a-f382a341e47a.htm" />
        <HelpTOCNode Title="init_p Method " Url="html/73a9b015-b0a1-616b-5240-6a4dca425f41.htm" />
        <HelpTOCNode Title="reset Method " Url="html/60f2b793-63fa-9064-bcba-38d153141842.htm" />
        <HelpTOCNode Title="set_input Method " Url="html/1d63ca6e-139f-cd34-2a3f-81010d395f46.htm" />
        <HelpTOCNode Title="ToString Method " Url="html/09470130-7406-cca6-e52d-84286e39600d.htm" />
      </HelpTOCNode>
      <HelpTOCNode Id="c002a50a-2ee5-4a5d-9d40-5fa292a60009" Title="Transferfunction Events" Url="html/dafe6299-4a24-8eac-107a-e862a4058054.htm">
        <HelpTOCNode Title="I_am_finish Event" Url="html/b768d803-0fdd-320a-39d1-f976ab689666.htm" />
      </HelpTOCNode>
    </HelpTOCNode>
  </HelpTOCNode>
  <HelpTOCNode Id="7c741bc3-b2d3-41ce-940a-d26829d0cb02" Title="controller_design.WPF Namespace" Url="html/e9eaa5b9-6e55-b17f-8662-ed64e26a9822.htm">
    <HelpTOCNode Id="5d12cea0-cc25-4b29-885d-2902b69c1382" Title="MainWindow Class" Url="html/585ce96d-5477-99c1-4921-71ff3984f918.htm">
      <HelpTOCNode Title="MainWindow Constructor " Url="html/b0080afe-3b31-5ffc-5780-de3b9b5f996e.htm" />
      <HelpTOCNode Id="aa49b134-0bed-4807-8bf0-940e4fbe7fbe" Title="MainWindow Methods" Url="html/cbd87335-04f8-5c48-79e3-5ee7a5182600.htm">
        <HelpTOCNode Title="InitializeComponent Method " Url="html/08370433-60a9-9239-97ce-66950c90d98e.htm" />
      </HelpTOCNode>
      <HelpTOCNode Title="MainWindow Properties" Url="html/b818fef1-a0f5-3b7c-3ec9-07de461d7ba0.htm" />
      <HelpTOCNode Title="MainWindow Events" Url="html/01442282-98e7-93d8-c9ba-e2f04e2b6397.htm" />
    </HelpTOCNode>
  </HelpTOCNode>
</HelpTOC>
